Workbook

Sheet Dashboard & Summary
A1: Assassin's Creed Franchise Overview & Complete Analytics
A2: Executive summary, category breakdown, and regional distribution across all 57 franchise releases.
B4: TOTAL RELEASES | E4: MAIN GAMES | H4: MAJOR DLCs / EXPANSIONS | K4: MOBILE / HANDHELD | N4: SPIN-OFFS & VR
B5: =COUNTA('AC Franchise Data'!A5:A61) | E5: =COUNTIF('AC Franchise Data'!B5:B61, "Main Game") | H5: =COUNTIF('AC Franchise Data'!B5:B61, "Major DLC / Expansion") | K5: =COUNTIF('AC Franchise Data'!B5:B61, "Mobile / Handheld") | N5: =COUNTIF('AC Franchise Data'!B5:B61, "Spin-Off")
B8: Release Type Breakdown | F8: Regional Setting Breakdown
B9: Release Type | C9: Count | D9: % of Total | F9: Broad Region | G9: Count | H9: % of Total
B10: Main Game | C10: =COUNTIF('AC Franchise Data'!B5:B61, "Main Game") | D10: =C10/$C$15 | F10: Europe | G10: =COUNTIF('AC Franchise Data'!I5:I61, "Europe") | H10: =G10/$G$17
B11: Major DLC / Expansion | C11: =COUNTIF('AC Franchise Data'!B5:B61, "Major DLC / Expansion") | D11: =C11/$C$15 | F11: North America | G11: =COUNTIF('AC Franchise Data'!I5:I61, "North America") | H11: =G11/$G$17
B12: Mobile / Handheld | C12: =COUNTIF('AC Franchise Data'!B5:B61, "Mobile / Handheld") | D12: =C12/$C$15 | F12: Middle East | G12: =COUNTIF('AC Franchise Data'!I5:I61, "Middle East") | H12: =G12/$G$17
B13: Spin-Off | C13: =COUNTIF('AC Franchise Data'!B5:B61, "Spin-Off") | D13: =C13/$C$15 | F13: Asia | G13: =COUNTIF('AC Franchise Data'!I5:I61, "Asia") | H13: =G13/$G$17
B14: Browser / Social | C14: =COUNTIF('AC Franchise Data'!B5:B61, "Browser / Social") | D14: =C14/$C$15 | F14: Africa | G14: =COUNTIF('AC Franchise Data'!I5:I61, "Africa") | H14: =G14/$G$17
B15: Total | C15: =SUM(C10:C14) | D15: =SUM(D10:D14) | F15: Caribbean | G15: =COUNTIF('AC Franchise Data'!I5:I61, "Caribbean") | H15: =G15/$G$17
F16: Multi-Region | G16: =COUNTIF('AC Franchise Data'!I5:I61, "Multi-Region") | H16: =G16/$G$17
F17: Total | G17: =SUM(G10:G16) | H17: =SUM(H10:H16)

Sheet AC Franchise Data
A1: Assassin's Creed Complete Master Data Sheet
A2: Complete database of all 57 releases across console, PC, handheld, mobile, VR, and browser/social platforms. Use header arrows to filter.
A4: Game / Release Title | B4: Type | C4: Release Date | D4: Release Year | E4: Main Character(s) | F4: Setting Year / Era | G4: Historical Period | H4: Specific Location | I4: Broad Region | J4: Platforms Available
A5: Assassin's Creed (Mobile 2D) | B5: Mobile / Handheld | C5: 2007-11-01 | D5: 2007 | E5: Altaïr Ibn-La'Ahad | F5: 1191 AD | G5: Third Crusade | H5: Jerusalem, Acre, Damascus | I5: Middle East | J5: Mobile (Java ME)
A6: Assassin's Creed | B6: Main Game | C6: 2007-11-13 | D6: 2007 | E6: Altaïr Ibn-La'Ahad | F6: 1191 AD | G6: Third Crusade | H6: Jerusalem, Acre, Damascus, Masyaf | I6: Middle East | J6: PS3, Xbox 360, PC
A7: Assassin's Creed: Altaïr's Chronicles | B7: Mobile / Handheld | C7: 2008-02-05 | D7: 2008 | E7: Altaïr Ibn-La'Ahad | F7: 1190 AD | G7: Third Crusade Prelude | H7: Jerusalem, Damascus, Tyre, Aleppo | I7: Middle East | J7: Nintendo DS, iOS, Android, Windows Phone
A8: Assassin's Creed II Mobile | B8: Mobile / Handheld | C8: 2009-11-10 | D8: 2009 | E8: Ezio Auditore da Firenze | F8: 1476 AD | G8: Italian Renaissance | H8: Florence, Venice (Italy) | I8: Europe | J8: Mobile (Java ME, BlackBerry)
A9: Assassin's Creed II | B9: Main Game | C9: 2009-11-17 | D9: 2009 | E9: Ezio Auditore da Firenze | F9: 1476–1499 AD | G9: Italian Renaissance | H9: Florence, Venice, Forlì, San Gimignano, Rome (Italy) | I9: Europe | J9: PS3, Xbox 360, PC, PS4, Xbox One, Switch
A10: Assassin's Creed: Bloodlines | B10: Mobile / Handheld | C10: 2009-11-17 | D10: 2009 | E10: Altaïr Ibn-La'Ahad | F10: 1191 AD | G10: Post-Third Crusade | H10: Limassol, Kyrenia (Cyprus) | I10: Europe | J10: PlayStation Portable (PSP)
A11: Assassin's Creed II: Discovery | B11: Mobile / Handheld | C11: 2009-11-17 | D11: 2009 | E11: Ezio Auditore da Firenze | F11: 1491 AD | G11: Spanish Inquisition | H11: Barcelona, Granada, Zaragoza (Spain) | I11: Europe | J11: Nintendo DS, iOS
A12: AC II: Battle of Forlì | B12: Major DLC / Expansion | C12: 2010-01-28 | D12: 2010 | E12: Ezio Auditore da Firenze | F12: 1488 AD | G12: Italian Renaissance | H12: Forlì (Italy) | I12: Europe | J12: PS3, Xbox 360, PC
A13: AC II: Bonfire of the Vanities | B13: Major DLC / Expansion | C13: 2010-02-18 | D13: 2010 | E13: Ezio Auditore da Firenze | F13: 1497 AD | G13: Italian Renaissance | H13: Florence (Italy) | I13: Europe | J13: PS3, Xbox 360, PC
A14: Assassin's Creed: Project Legacy | B14: Browser / Social | C14: 2010-09-28 | D14: 2010 | E14: Animus Subject (Various) | F14: Multi-Era (15th–18th C.) | G14: Renaissance / Italian Wars | H14: Rome, Venice, Europe | I14: Europe | J14: Web Browser (Facebook)
A15: Assassin's Creed: Brotherhood | B15: Main Game | C15: 2010-11-16 | D15: 2010 | E15: Ezio Auditore da Firenze | F15: 1503–1507 AD | G15: High Renaissance | H15: Rome (Italy) | I15: Europe | J15: PS3, Xbox 360, PC, PS4, Xbox One, Switch
A16: Assassin's Creed: Brotherhood Mobile | B16: Mobile / Handheld | C16: 2010-11-16 | D16: 2010 | E16: Ezio Auditore da Firenze | F16: 1503 AD | G16: High Renaissance | H16: Rome (Italy) | I16: Europe | J16: Mobile (Java ME)
... A61: Assassin's Creed Jade | B61: Mobile / Handheld | C61: 2025-12-31 | D61: 2025 | E61: Xia (Custom Protagonist) | F61: 215 BC | G61: Qin Dynasty (Ancient China) | H61: Xianyang, Great Wall (China) | I61: Asia | J61: iOS, Android
